2023-03-01T17:18:54,vk,social,mobile_app_dev_hackathon,114
2023-03-02T01:42:19,vk,social,mobile_app_dev_hackathon,105
2023-03-03T16:42:10,vk,social,mobile_app_dev_hackathon,220
2023-03-04T13:26:13,vk,social,mobile_app_dev_hackathon,196
2023-03-05T05:43:13,vk,social,mobile_app_dev_hackathon,124
2023-03-06T13:52:57,vk,social,mobile_app_dev_hackathon,171
2023-03-07T14:32:49,vk,social,mobile_app_dev_hackathon,138
2023-03-08T07:58:14,vk,social,mobile_app_dev_hackathon,201
2023-03-09T23:47:55,vk,social,mobile_app_dev_hackathon,244
2023-03-10T02:15:22,vk,social,mobile_app_dev_hackathon,169
2023-03-11T12:08:58,vk,social,mobile_app_dev_hackathon,276
2023-03-12T14:45:12,vk,social,mobile_app_dev_hackathon,227
2023-03-13T11:57:36,vk,social,mobile_app_dev_hackathon,178
2023-03-14T15:09:25,vk,social,mobile_app_dev_hackathon,222
2023-03-15T00:31:47,vk,social,mobile_app_dev_hackathon,297
2023-03-24T12:46:50,google,cpc,tech_entrepreneur_series,197
2023-03-25T20:08:51,google,cpc,tech_entrepreneur_series,211
2023-03-26T06:08:10,google,cpc,tech_entrepreneur_series,192
2023-03-27T15:08:37,google,cpc,tech_entrepreneur_series,174
2023-03-28T16:52:23,google,cpc,tech_entrepreneur_series,237
2023-03-29T22:19:16,google,cpc,tech_entrepreneur_series,163
2023-03-30T07:17:48,google,cpc,tech_entrepreneur_series,169
2023-03-31T04:46:40,google,cpc,tech_entrepreneur_series,180
2023-04-01T23:56:05,google,cpc,tech_entrepreneur_series,100
2023-04-02T02:20:33,google,cpc,tech_entrepreneur_series,227
2023-04-03T10:11:37,google,cpc,tech_entrepreneur_series,165
2023-04-04T03:46:35,google,cpc,tech_entrepreneur_series,170
2023-04-05T21:57:35,google,cpc,tech_entrepreneur_series,220
2023-04-06T04:57:04,google,cpc,tech_entrepreneur_series,126
2023-04-07T10:41:25,google,cpc,tech_entrepreneur_series,169
2023-04-08T11:38:16,google,cpc,tech_entrepreneur_series,219
2023-04-09T18:02:15,google,cpc,tech_entrepreneur_series,196
2023-04-10T22:19:46,google,cpc,tech_entrepreneur_series,243
2023-04-11T08:58:44,google,cpc,tech_entrepreneur_series,188
2023-04-12T18:14:38,google,cpc,tech_entrepreneur_series,214
2023-04-13T19:11:12,google,cpc,tech_entrepreneur_series,255
2023-04-14T11:02:45,google,cpc,tech_entrepreneur_series,178
2023-04-15T21:26:06,google,cpc,tech_entrepreneur_series,125
2023-04-16T07:11:56,google,cpc,tech_entrepreneur_series,186
2023-04-17T21:39:36,google,cpc,tech_entrepreneur_series,179
2023-04-18T01:26:33,google,cpc,tech_entrepreneur_series,108
2023-04-19T22:57:58,google,cpc,tech_entrepreneur_series,155
2023-04-20T11:22:25,google,cpc,tech_entrepreneur_series,123
2023-04-21T20:57:07,google,cpc,tech_entrepreneur_series,250
2023-04-22T07:54:52,google,cpc,tech_entrepreneur_series,167
2023-04-23T14:31:44,google,cpc,tech_entrepreneur_series,112
2023-04-24T01:11:57,google,cpc,tech_entrepreneur_series,227
2023-04-25T06:23:46,google,cpc,tech_entrepreneur_series,115
2023-04-26T10:40:32,google,cpc,tech_entrepreneur_series,294
2023-04-27T08:20:12,google,cpc,tech_entrepreneur_series,288
2023-04-28T07:59:30,google,cpc,tech_entrepreneur_series,235
